original_file,status,project,website_file,space,caption
PHOTO-2026-10-06-12-38-40.jpg,used,The Terrace House,assets/img/terrace-house/01-living.webp,Living,"A double-height living room in mustard, sapphire and soft linen"
PHOTO-2026-10-06-12-38-41 2.jpg,used,The Terrace House,assets/img/terrace-house/10-dining.webp,Dining,Carved white dining set beneath a candle chandelier
PHOTO-2026-10-06-12-38-41.jpg,used,The Terrace House,assets/img/terrace-house/03-living.webp,Living,Lattice pooja doors framed from the lounge
PHOTO-2026-10-06-12-38-43.jpg,used,The Terrace House,assets/img/terrace-house/06-pooja.webp,Pooja,Black-and-gold jaali doors with brass diyas
PHOTO-2026-10-06-12-38-44 2.jpg,used,The Terrace House,assets/img/terrace-house/07-pooja.webp,Pooja,The sanctum seen from the living room
PHOTO-2026-10-06-12-38-44.jpg,used,The Terrace House,assets/img/terrace-house/08-pooja.webp,Pooja,Pattern detail — laser-cut metal jaali in antique gold
PHOTO-2026-10-06-12-38-45.jpg,used,The Terrace House,assets/img/terrace-house/09-pooja.webp,Pooja,A glowing scalloped arch behind the doors
PHOTO-2026-10-06-12-38-46.jpg,used,The Terrace House,assets/img/terrace-house/11-kitchen.webp,Kitchen,Teal island kitchen framed through a carved mirror
PHOTO-2026-10-06-12-38-47.jpg,used,The Terrace House,assets/img/terrace-house/28-bedroom.webp,Bedroom,Master suite panorama
PHOTO-2026-10-06-12-38-48 2.jpg,used,The Terrace House,assets/img/terrace-house/05-living.webp,Living,"Striped drapery in cream, mustard and navy"
PHOTO-2026-10-06-12-38-48.jpg,used,The Terrace House,assets/img/terrace-house/04-living.webp,Living,The TV wall at dusk — layered cove and track lighting
PHOTO-2026-10-06-12-38-49.jpg,used,The Terrace House,assets/img/terrace-house/02-living.webp,Living,Daylight living with full-height glazing onto the terrace
PHOTO-2026-10-06-12-38-50 2.jpg,used,The Terrace House,assets/img/terrace-house/31-terrace.webp,Terrace,The terrace pavilion at golden hour
PHOTO-2026-10-06-12-38-50 3.jpg,used,The Terrace House,assets/img/terrace-house/29-terrace.webp,Terrace,Sloped-roof gallery with rafter spotlights
PHOTO-2026-10-06-12-38-50.jpg,excluded: near-duplicate,,,,
PHOTO-2026-10-06-12-38-51 2.jpg,used,The Terrace House,assets/img/terrace-house/30-terrace.webp,Terrace,Glass-globe sconces leading out to the sunset
PHOTO-2026-10-06-12-38-51.jpg,used,The Terrace House,assets/img/terrace-house/33-terrace.webp,Terrace,Blue hour — a rhythm of wall lanterns
PHOTO-2026-10-06-12-38-53.jpg,used,The Terrace House,assets/img/terrace-house/34-terrace.webp,Terrace,Night façade — the house glows from within
PHOTO-2026-10-06-12-38-54 2.jpg,used,The Terrace House,assets/img/terrace-house/13-bedroom.webp,Bedroom,Guest bedroom with lit gold drapery and an artist's easel
PHOTO-2026-10-06-12-38-54.jpg,used,The Terrace House,assets/img/terrace-house/12-foyer.webp,Foyer,Fluted black entrance door with long brass pulls
PHOTO-2026-10-06-12-38-55 2.jpg,excluded: near-duplicate,,,,
PHOTO-2026-10-06-12-38-55.jpg,used,The Terrace House,assets/img/terrace-house/14-bedroom.webp,Bedroom,Wardrobe wall in dark wood with brass trims
PHOTO-2026-10-06-12-38-56 2.jpg,used,The Terrace House,assets/img/terrace-house/16-bedroom.webp,Bedroom,Sage-grey wardrobe with inlaid brass lines
PHOTO-2026-10-06-12-38-56 3.jpg,used,The Terrace House,assets/img/terrace-house/17-bedroom.webp,Bedroom,Twin padded headboards and a tufted bench
PHOTO-2026-10-06-12-38-56.jpg,used,The Terrace House,assets/img/terrace-house/21-powder.webp,Powder,Black powder room with a carved white mirror
PHOTO-2026-10-06-12-38-57 2.jpg,used,The Terrace House,assets/img/terrace-house/18-dressing.webp,Dressing,Walk-in wardrobe behind a teal patterned glass door
PHOTO-2026-10-06-12-38-57.jpg,used,The Terrace House,assets/img/terrace-house/15-bedroom.webp,Bedroom,Vanity corner with a halo mirror
PHOTO-2026-10-06-12-38-58 2.jpg,used,The Terrace House,assets/img/terrace-house/19-dressing.webp,Dressing,"Hand-painted glass door, open shelving"
PHOTO-2026-10-06-12-38-58 3.jpg,excluded: near-duplicate,,,,
PHOTO-2026-10-06-12-38-58.jpg,used,The Terrace House,assets/img/terrace-house/20-dressing.webp,Dressing,Organic LED mirror and a teal velvet chair
PHOTO-2026-10-06-12-38-59 2.jpg,used,The Terrace House,assets/img/terrace-house/27-bedroom.webp,Bedroom,The same wall after dark — niches as lanterns
PHOTO-2026-10-06-12-38-59.jpg,used,The Terrace House,assets/img/terrace-house/22-bath.webp,Bath,Stone-grey bath with encaustic tiles and lit niches
PHOTO-2026-10-06-12-39-00 2.jpg,used,The Terrace House,assets/img/terrace-house/24-bedroom.webp,Bedroom,A reading corner with yellow chairs
PHOTO-2026-10-06-12-39-00.jpg,used,The Terrace House,assets/img/terrace-house/23-bedroom.webp,Bedroom,Master bedroom — chevron rug and mustard-band drapes
PHOTO-2026-10-06-12-39-01 2.jpg,used,The Terrace House,assets/img/terrace-house/26-bedroom.webp,Bedroom,Arched niches and a brass lantern above the bed
PHOTO-2026-10-06-12-39-01.jpg,used,The Terrace House,assets/img/terrace-house/25-bedroom.webp,Bedroom,Low floating bed with concealed light line
PHOTO-2026-10-06-12-39-02 2.jpg,used,The Terrace House,assets/img/terrace-house/35-terrace.webp,Terrace,"Terrace lawn, step lights and a rising moon"
PHOTO-2026-10-06-12-39-02 3.jpg,used,The Terrace House,assets/img/terrace-house/36-terrace.webp,Terrace,Pergola of string lights over the lawn
PHOTO-2026-10-06-12-39-02.jpg,excluded: near-duplicate,,,,
PHOTO-2026-10-06-12-39-03.jpg,used,The Terrace House,assets/img/terrace-house/32-terrace.webp,Terrace,Lantern-lit threshold at dusk
PHOTO-2026-10-06-12-43-58 2.jpg,used,The Chamber,assets/img/the-chamber/03-lounge.webp,Lounge,Leather wingbacks and a lit jaali screen
PHOTO-2026-10-06-12-43-59 2.jpg,used,The Chamber,assets/img/the-chamber/05-gallery.webp,Gallery,Mauve panelled gallery wall with framed miniatures
PHOTO-2026-10-06-12-43-59 3.jpg,used,The Chamber,assets/img/the-chamber/08-reception.webp,Reception,Reception desk clad in antique-gold 3D panels
PHOTO-2026-10-06-12-43-59.jpg,used,The Chamber,assets/img/the-chamber/02-lounge.webp,Lounge,The chamber seen through its doorway
PHOTO-2026-10-06-12-44-00 2.jpg,excluded: person in frame / clutter,,,,
PHOTO-2026-10-06-12-44-00 3.jpg,used,The Chamber,assets/img/the-chamber/06-gallery.webp,Gallery,"Olive 3D tile wall, classical statue, paisley chairs"
PHOTO-2026-10-06-12-44-00.jpg,used,The Chamber,assets/img/the-chamber/10-details.webp,Details,Moulded wall panels with gilded corner ornaments
PHOTO-2026-10-06-12-44-01 2.jpg,used,The Chamber,assets/img/the-chamber/01-lounge.webp,Lounge,A raised work platform beneath a cascading crystal chandelier
PHOTO-2026-10-06-12-44-01.jpg,used,The Chamber,assets/img/the-chamber/07-gallery.webp,Gallery,Sculpture against a wave-pattern metal screen
PHOTO-2026-10-06-12-44-02.jpg,used,The Chamber,assets/img/the-chamber/09-reception.webp,Reception,Stone-grey counter over raised square panels
PHOTO-2026-10-06-12-44-03 3.jpg,used,The Chamber,assets/img/the-chamber/04-lounge.webp,Lounge,"Oxblood leather, footstools and a gold ring table"
PHOTO-2026-10-06-12-44-04 3.jpg,used,The Chamber,assets/img/the-chamber/11-details.webp,Details,"Moulding, a statement clock and the floating steps"
PHOTO-2026-10-06-12-44-51 2.jpg,used,The Floating Stair House,assets/img/floating-stair-house/02-living.webp,Living,Carved chairs in bottle-green leather under cage lights
PHOTO-2026-10-06-12-44-51.jpg,used,The Floating Stair House,assets/img/floating-stair-house/14-dressing.webp,Dressing,Louvred doors beside glass shutters
PHOTO-2026-10-06-12-44-52 2.jpg,excluded: person in frame,,,,
PHOTO-2026-10-06-12-44-53 2.jpg,excluded: clothes on bed,,,,
PHOTO-2026-10-06-12-44-53.jpg,excluded: person in frame,,,,
PHOTO-2026-10-06-12-44-54 2.jpg,used,The Floating Stair House,assets/img/floating-stair-house/05-balcony.webp,Balcony,A green-walled balcony with rope chairs
PHOTO-2026-10-06-12-44-54 3.jpg,used,The Floating Stair House,assets/img/floating-stair-house/04-stair.webp,Stair,Looking down the stair well onto the green wall
PHOTO-2026-10-06-12-44-54.jpg,used,The Floating Stair House,assets/img/floating-stair-house/08-bedroom.webp,Bedroom,Blush panelled bedroom with a navy tufted bed
PHOTO-2026-10-06-12-44-55 2.jpg,used,The Floating Stair House,assets/img/floating-stair-house/03-living.webp,Living,Cantilevered timber treads hung on slender rods
PHOTO-2026-10-06-12-44-55 3.jpg,used,The Floating Stair House,assets/img/floating-stair-house/12-dressing.webp,Dressing,Glass-front wardrobes leading to the bedroom
PHOTO-2026-10-06-12-44-55.jpg,used,The Floating Stair House,assets/img/floating-stair-house/10-bedroom.webp,Bedroom,A quiet sitting corner in the blush suite
PHOTO-2026-10-06-12-44-56 2.jpg,excluded: person in frame,,,,
PHOTO-2026-10-06-12-44-56.jpg,excluded: clothes on bed,,,,
PHOTO-2026-10-06-12-44-57 2.jpg,used,The Floating Stair House,assets/img/floating-stair-house/17-study.webp,Study,Leather window seat over louvred storage
PHOTO-2026-10-06-12-44-57 3.jpg,excluded: person in frame,,,,
PHOTO-2026-10-06-12-44-57.jpg,used,The Floating Stair House,assets/img/floating-stair-house/11-bedroom.webp,Bedroom,Rustic plank media wall and pleated drapes
PHOTO-2026-10-06-12-44-58 2.jpg,used,The Floating Stair House,assets/img/floating-stair-house/13-dressing.webp,Dressing,Bronze-framed glass and a reclaimed-wood chest
PHOTO-2026-10-06-12-44-58 3.jpg,used,The Floating Stair House,assets/img/floating-stair-house/18-bath.webp,Bath,Hand-glazed teal tiles on a terracotta floor
PHOTO-2026-10-06-12-44-58.jpg,used,The Floating Stair House,assets/img/floating-stair-house/16-study.webp,Study,Rust velvet armchair and a studded ottoman
PHOTO-2026-10-06-12-44-59 2.jpg,used,The Floating Stair House,assets/img/floating-stair-house/06-garden.webp,Garden,"Textured walls, stepping stones and the lawn"
PHOTO-2026-10-06-12-44-59.jpg,used,The Floating Stair House,assets/img/floating-stair-house/15-study.webp,Study,Linen-textured wardrobes with copper pulls
PHOTO-2026-10-06-12-45-00 2.jpg,used,The Floating Stair House,assets/img/floating-stair-house/07-dining.webp,Dining,Teal studded chairs at a navy herringbone bar
PHOTO-2026-10-06-12-45-00 3.jpg,used,The Floating Stair House,assets/img/floating-stair-house/19-bath.webp,Bath,Matte-black towel ladders on teal tile
PHOTO-2026-10-06-12-45-00.jpg,excluded: person in frame,,,,
PHOTO-2026-10-06-12-45-01 2.jpg,used,The Floating Stair House,assets/img/floating-stair-house/09-bedroom.webp,Bedroom,Panel mouldings meet a reclaimed-wood wall
PHOTO-2026-10-06-12-45-01.jpg,used,The Floating Stair House,assets/img/floating-stair-house/01-living.webp,Living,Fluted TV wall flanked by birdcage pendants
